<?xml version="1.0" encoding="UTF-8"?>
<Configuration name="tools-cli">
	<Properties>
		<Property name="file.log.path">logs</Property>
		<Property name="log.level">INFO</Property>
		<Property name="log.pattern">%d{yyyy-MM-dd HH:mm:ss.SSS} [%t] %-5p %l{36} - %m%n</Property>
		<Property name="log.pattern.console">%d{yyyy-MM-dd HH:mm:ss nnnnnnnnn} %-5p - %m%n</Property>
	</Properties>
	<Appenders>
		<Console name="Console" target="SYSTEM_OUT">
			<PatternLayout pattern="${log.pattern.console}"/>
		</Console>
		<RollingFile name="app.log" fileName="${file.log.path}/app.log" filePattern="${file.log.path}/app.log.%i" immediateFlush="true" append="true">
			<PatternLayout pattern="${log.pattern}"/>
			<ThresholdFilter level="WARN" onMatch="DENY" onMismatch="NEUTRAL" />
			<Policies>
				<SizeBasedTriggeringPolicy size="100MB"/>
			</Policies>
			<DefaultRolloverStrategy max="10"/>
		</RollingFile>
		<RollingFile name="app.err" fileName="${file.log.path}/app.err" filePattern="${file.log.path}/app.err.%i" immediateFlush="true" append="true">
			<PatternLayout pattern="${log.pattern}"/>
			<Policies>
				<SizeBasedTriggeringPolicy size="100MB"/>
			</Policies>
			<DefaultRolloverStrategy max="10"/>
		</RollingFile>
	</Appenders>
	<Loggers>
		<Logger name="com.hedera" level="info" additivity="false">
			<AppenderRef ref="app.log"/>
		</Logger>
		<Logger name="com.opencloud" level="info" additivity="false">
			<AppenderRef ref="app.log"/>
		</Logger>
		<Logger name="com.hederahashgraph" level="info" additivity="false">
			<AppenderRef ref="app.log"/>
		</Logger>
		<Root level="all" >
			<AppenderRef ref="Console" level="warn"/>
			<AppenderRef ref="app.err" level="warn"/>
			<AppenderRef ref="app.log" level="info"/>
		</Root>
	</Loggers>
</Configuration>
