{
  "feePayerAccountID": {
    "shardNum": "0",
    "realmNum": "0",
    "accountNum": "2"
  },
  "nodeAccountID": {
    "shardNum": "0",
    "realmNum": "0",
    "accountNum": "3"
  },
  "transactionValidDuration": {
    "seconds": 30,
    "nanos": 0
  },
  "transactionFee": "1000000000",
  "generateRecord": "true",
  "memo": "Create an account",
  "initialBalance": "99000000000000",
  "proxyAccountID": {
    "shardNum": "0",
    "realmNum": "0",
    "accountNum": "14"
  },
  "proxyFraction": "55",
  "maxReceiveProxyFraction": "44",
  "sendRecordThreshold": "500000000000000000",
  "receiveRecordThreshold": "500000000000000000",
  "receiverSigRequired": "false",
  "autoRenewPeriod": {
    "seconds": 7776000
  },
  "shardID": "0",
  "realmID":"0",
  "genesisFileName": "StartUpAccount.txt",
  "key": {
      "thresholdKey": {
          "threshold": 2,
          "keyList": [
              {
                  "key": "./Keys/PubKey-0.txt"
              }, {
                  "key": "./Keys/PubKey-1.txt"
              }, {
                  "key": "./Keys/PubKey-2.txt"
              }
          ]
      }
  }
}
