{
  "feePayerAccountID": {
    "shardNum": "0",
    "realmNum": "0",
    "accountNum": "1504"
  },
  "nodeAccountID": {
    "shardNum": "0",
    "realmNum": "0",
    "accountNum": "3"
  },
  "transactionValidDuration": {
    "seconds": 30,
    "nanos": 0
  },
  "transactionFee": "10000000000",
  "generateRecord": true,
  "memo": "Create an account",
  "key": {
      "thresholdKey": {
          "threshold": 2,
          "keyList": [
              {
                  "key": "./Keys/PubKey-3.txt"
              }, {
                  "key": "./Keys/PubKey-4.txt"
              }, {
                  "key": "./Keys/PubKey-5.txt"
              }
          ]
      }
  },
  "initialBalance": "100000000000",
  "proxyAccountID": {
    "shardNum": "0",
    "realmNum": "0",
    "accountNum": "3"
  },
  "proxyFraction": "55",
  "maxReceiveProxyFraction": "44",
  "sendRecordThreshold": "500000000000000000",
  "receiveRecordThreshold": "500000000000000000",
  "receiverSigRequired": false,
  "autoRenewPeriod":  {
      "seconds": 777600
  },
  "shardID": "0",
  "realmID":"0",
  "genesisFileName": "StartUpAccount.txt",
  "locationOfFeePayerKey": "Keys/KeyStore-1504.pem"
}
