{
  "feePayerAccountID": {
    "shardNum": "0",
    "realmNum": "0",
    "accountNum": "1504"
  },
  "nodeAccountID": {
    "shardNum": "0",
    "realmNum": "0",
    "accountNum": "3"
  },
  "transactionValidDuration": {
    "seconds": 30,
    "nanos": 0
  },
  "transactionFee": "1000000000",
  "generateRecord": "true",
  "memo": "Create an account",
  "initialBalance": "1000000000000",
  "proxyAccountID": {
    "shardNum": "0",
    "realmNum": "0",
    "accountNum": "3"
  },
  "proxyFraction": "55",
  "maxReceiveProxyFraction": "44",
  "sendRecordThreshold": "500000000000000000",
  "receiveRecordThreshold": "500000000000000000",
  "receiverSigRequired": "true",
  "autoRenewPeriod": {
    "seconds": 777600
  },
  "shardID": "0",
  "realmID":"0",
  "genesisFileName": "StartUpAccount.txt",
  "newKeyLocation": "Keys",
  "locationOfFeePayerKey": "./Keys/KeyStore-1504.pem"
}
