{
  "deleteAccountID": {
	"shardNum": "0",
	"realmNum": "0",
	"accountNum": "1536"
  },
  "feePayerAccountID": {
      "shardNum": "0",
      "realmNum": "0",
      "accountNum": "1536"
  },
  "targetAccountID": {
	"shardNum": "0",
	"realmNum": "0",
	"accountNum": "1504"
  },
  "nodeAccountID": {
	"shardNum": "0",
	"realmNum": "0",
	"accountNum": "3"
  },
  "transactionValidStart": "2019-08-18T09:00:00Z",
  "transactionValidDuration": {
      "seconds": 30,
      "nanos": 0
  },
  "transactionFee": "900_000",
  "generateRecord": "true",
  "memo": "Delete an account"
}
