{
  "senderAccountID": {
    "shardNum": "0",
    "realmNum": "0",
    "accountNum": "2"
  },  
  "feePayerAccountID": {
    "shardNum": "0",
    "realmNum": "0",
    "accountNum": "2"
  },
  "nodeAccountID": {
	"shardNum": "0",
	"realmNum": "0",
	"accountNum": "3"
  },
  "recipientAccountID": {
	"shardNum": "0",
	"realmNum": "0",
	"accountNum": "75"
  },
  "amount": "10000000000000000",
  "transactionValidDuration": {
	"seconds": 30,
	"nanos": 0
  },
  "transactionFee": "100000",
  "generateRecord": "true",
  "memo": "fund saft funding account",
  "genesisFileName": "StartUpAccount.txt"
}
