{
  "accountIDToUpdate": {
	"shardNum": "0",
	"realmNum": "0",
	"accountNum": "75"
  },
  "feePayerAccountID": {
	"shardNum": "0",
	"realmNum": "0",
	"accountNum": "2"
  },
  "nodeAccountID": {
	"shardNum": "0",
	"realmNum": "0",
	"accountNum": "3"
  },
  "transactionValidDuration": {
	"seconds": 120,
	"nanos": 0
  },
  "transactionFee": "1000000",
  "generateRecord": "true",
  "memo": "Update funding account",
  "genesisFileName": "StartUpAccount.txt",
  "transactionValidStart":{
      "seconds": 1566414000,
      "nanos": 0
  },
  "newKey": {
      "keyList":[
          {
              "key":{
          
                "thresholdKey": {
                  "threshold": 1,
                  "keyList": [
                    {
                      "key": "Keys/saft-david.pub"
                    }, {
                      "key": "Keys/saft-oliver.pub"
                    }
                  ]
                }
              }
          },{
              "key":{
                "thresholdKey": {
                    "threshold": 1,
                    "keyList": [
                        {
                            "key": "Keys/SAFT-Neeha.pub"
                        }
                    ]
                }
              }
          }
        ]
  },
  "newTransactionLocation": "."
}
