{
  "senderAccountID": {
	"shardNum": "0",
	"realmNum": "0",
	"accountNum": "1504"
  },
  "feePayerAccountID": {
	"shardNum": "0",
	"realmNum": "0",
	"accountNum": "1504"
  },
  "nodeAccountID": {
	"shardNum": "0",
	"realmNum": "0",
	"accountNum": "3"
  },
  "accountIDToGetInfo": {
	"shardNum": "0",
	"realmNum": "0",
	"accountNum": "1536"
  },
  "nodeFee": "10000000000",
  "transactionValidDuration": {
	"seconds": 120,
	"nanos": 0
  },
  "transactionFee": "10000000000000",
  "generateRecord": "true",
  "memo": "Get Account Info",
  "locationOfSenderKey": "Keys/KeyStore-1504.pem",
  "locationOfFeePayerKey": "Keys/KeyStore-1504.pem"
}
