{
  "senderAccountID": {
	"shardNum": "0",
	"realmNum": "0",
	"accountNum": "2"
  },
  "feePayerAccountID": {
	"shardNum": "0",
	"realmNum": "0",
	"accountNum": "2"
  },
  "nodeAccountID": {
	"shardNum": "0",
	"realmNum": "0",
	"accountNum": "3"
  },
  "transactionValidDuration": {
	"seconds": 120,
	"nanos": 0
  },
  "transactionFee": "10000000000",
  "nodeFee": "10000000000",
  "memo": "Get a File Content",
  "genesisFileName": "StartUpAccount.txt",
  "fileID": {
	"shardNum": "0",
	"realmNum": "0",
	"fileNum": "111"
  }
}
